,service,ship_cost,ground_cost,cost_saving,scheduled_window,pred_ground_window,pred_ground_cdf
0,fedex_first_overnight,141.69,13.0,128.69,1,6,9.564474807856533e-05
1,fedex_priority_overnight,52.14,13.0,39.14,2,6,0.0071681318129301255
2,fedex_standard_overnight,105.44,13.0,92.44,3,6,0.15175376931301984
3,fedex_2_day_am,45.33,13.0,32.33,5,6,0.23948606735606287
4,fedex_2_day,40.54,13.0,27.54,6,6,0.5833535080983718
5,fedex_express_saver,32.85,13.0,19.85,8,6,0.678736122971819
