,service,ship_cost,ground_cost,cost_saving,scheduled_window,pred_ground_window,pred_ground_cdf
0,ups_next_day_air_early_am,122.96,12.26,110.69999999999999,1,6,0.001176470588235294
1,ups_next_day_air,90.71,12.26,78.44999999999999,2,6,0.04176470588235294
2,ups_next_day_air_saver,82.23,12.26,69.97,3,6,0.058823529411764705
3,ups_second_day_air_am,44.42,12.26,32.160000000000004,5,6,0.1988235294117647
4,ups_second_day_air,38.58,12.26,26.32,6,6,0.5207692307692308
5,ups_3_day_select,29.42,12.26,17.160000000000004,8,6,0.6353846153846154
