,service,ship_cost,ground_cost,cost_saving,scheduled_window,pred_ground_window,pred_ground_cdf
0,fedex_first_overnight,157.15,14.76,142.39000000000001,1,10,0.0008791208791208792
1,fedex_priority_overnight,39.78,14.76,25.020000000000003,2,10,0.0068864468864468864
2,fedex_standard_overnight,111.54,14.76,96.78,3,10,0.11164835164835166
3,fedex_2_day_am,71.62,14.76,56.86000000000001,5,10,0.31706959706959703
4,fedex_2_day,62.33,14.76,47.57,6,10,0.4776556776556776
5,fedex_express_saver,49.43,14.76,34.67,8,10,0.5982417582417583
