,service,ship_cost,ground_cost,cost_saving,scheduled_window,pred_ground_window,pred_ground_cdf
0,fedex_first_overnight,78.55,11.04,67.50999999999999,1,3,0.0
1,fedex_priority_overnight,52.14,11.04,41.1,2,3,0.04
2,fedex_standard_overnight,43.88,11.04,32.84,3,3,0.32163265306122446
3,fedex_2_day_am,28.99,11.04,17.95,5,3,0.3576781868526305
4,fedex_2_day,26.35,11.04,15.310000000000002,6,3,0.5139575428161214
5,fedex_express_saver,22.04,11.04,11.0,8,3,0.7991959798994974
