,service,ship_cost,ground_cost,cost_saving,scheduled_window,pred_ground_window,pred_ground_cdf
0,fedex_first_overnight,112.65,10.22,102.43,1,6,0.0008791208791208792
1,fedex_priority_overnight,25.26,10.22,15.040000000000001,2,6,0.04688644688644688
2,fedex_standard_overnight,73.33,10.22,63.11,3,6,0.19164835164835164
3,fedex_2_day_am,37.07,10.22,26.85,5,6,0.3170695970695971
4,fedex_2_day,31.67,10.22,21.450000000000003,6,6,0.5576556776556777
5,fedex_express_saver,25.83,10.22,15.609999999999998,8,6,0.8382417582417583
